Metric,Mean,Std
Throughput,17670.0,7831.631020703443
Latency,48860.0,25821.461592789026
Fairness,0.06666666666666661,1.3947701538996772e-17
